Subcategory,Category
Bike Racks,Accessories
Bike Stands,Accessories
Bottles and Cages,Accessories
Cleaners,Accessories
Fenders,Accessories
Helmets,Accessories
Lights,Accessories
Locks,Accessories
Panniers,Accessories
Pumps,Accessories
Tires and Tubes,Accessories
Hydration Packs,Accessories
Mountain Bikes,Bikes
Road Bikes,Bikes
Touring Bikes,Bikes
Caps,Clothing
Bib-Shorts,Clothing
Gloves,Clothing
Jerseys,Clothing
Shorts,Clothing
Socks,Clothing
Tights,Clothing
Vests,Clothing
Handlebars,Components
Chains,Components
Forks,Components
Headsets,Components
Pedals,Components
Saddles,Components
Wheels,Components
Bottom Brackets,Components
Brakes,Components
Cranksets,Components
Derailleurs,Components
Mountain Frames,Components
Road Frames,Components
Touring Frames,Components
